ID,Latin Name,Common Name,Habit,Height,Hardiness,Growth,Soil,Shade,Moisture,Edible,Medicinal,Other
2,Abelia triflora,Indian Abelia,Shrub,3.5,5-9,M,LM,SN,DM,0,0,1
3,Abelmoschus esculentus,Okra,Annual,1.0,5-11,null,LMH,N,M,4,3,2
4,Abelmoschus manihot,Aibika,Perennial,3.0,8-11,F,LMH,N,M,4,1,2
5,Abelmoschus moschatus,Musk Mallow-Musk Okra,Perennial,2.0,8-11,F,LMH,N,M,2,3,null
6,Abies alba,Silver Fir- Christmas Tree Fir- European Silver Fir- Silver,Tree,45.0,5-8,F,LMH,FSN,M,2,3,4
7,Abies amabilis,Red Fir-Pacific silver fir,Tree,30.0,4-8,S,LMH,FSN,M,1,2,null
8,Abies balsamea,Balsam Fir,Tree,15.0,3-6,S,LMH,FSN,M,3,5,null
9,Abies cephalonica,Grecian Fir,Tree,36.0,4-8,M,LMH,FSN,M,0,0,null
10,Abies concolor,Colorado Fir- White fir,Tree,45.0,3-7,F,LMH,FSN,DM,0,2,null